<!DOCTYPE group PUBLIC "-//W3C//DTD XHTML 1.0 Transitional//EN" "http://www.w3.org/TR/xhtml1/DTD/xhtml1-transitional.dtd">
<group>

<page id="home" name="index" title="Home"> <include src="index.html"/>
  <page id="about" name="about" title="About">
    <page id="roadmap" name="roadmap" title="PASCAL Harvest Roadmap" hide="yes">
      <include src="roadmap.html"/>
    </page>
    <include src="about.html"/>
  </page>
  <page id="license" name="license" title="License"><include src="license.html"/></page>
</page>

<page id="download" name="download" title="Download"><include src="download.html"/>
  <page id="install.matlab" name="install-matlab" title="Using from MATLAB">
    <include src="install-matlab.html"/>
  </page>
  <page id="install.octave" name="install-octave" title="Using from Octave">
    <include src="install-octave.html"/>
  </page>
  <page id="install.shell" name="install-shell" title="Using from the command line">
    <include src="install-shell.html"/>
  </page>
  <page id="install.c" name="install-c" title="Using from C">
    <include src="install-c.html"/>
    <page id="xcode" name="xcode" title="Xcode"><include src="using-xcode.html"/></page>
    <page id="vsexpress" name="vsexpress" title="Visual C++"><include src="using-vsexpress.html"/></page>
    <page id="gcc" name="gcc" title="g++"><include src="using-gcc.html"/></page>
  </page>
  <page id="compiling" name="compiling" title="Compiling">
    <include src="compiling.html"/>
  </page>
</page>

<dir name="overview">
  <page id="tut" name="tut" title="Tutorials">
   <include src="tutorials.html"/>
   <page id="tut.covdet" name="covdet" title="Covdet"> <include src="covdet.html"/></page>
   <page id="tut.hog" name="hog" title="HOG"> <include src="hog.html"/></page>
   <page id="tut.sift" name="sift" title="SIFT"> <include src="sift.html"/></page>
   <page id="tut.dsift" name="dsift" title="DSIFT/PHOW"> <include src="dsift.html"/></page>
   <page id="tut.liop" name="liop" title="LIOP"> <include src="liop.html"/></page>
   <page id="tut.mser" name="mser" title="MSER"> <include src="mser.html"/></page>
   <page id="tut.gmm" name="gmm" title="GMM">  <include src="gmm.html"/></page>
   <page id="tut.kmeans" name="kmeans" title="KMeans">  <include src="kmeans.html"/></page>
   <page id="tut.encodings" name="encodings" title="Encodings">  <include src="encode.html"/></page>
   <page id="tut.ikm" name="ikm" title="IKM">  <include src="ikm.html"/></page>
   <page id="tut.hikm" name="hikm" title="HIKM"> <include src="hikm.html"/></page>
   <page id="tut.aib"  name="aib" title="AIB">  <include src="aib.html"/></page>
   <page id="tut.qs" name="quickshift" title="Quick shift">  <include src="quickshift.html"/></page>
   <page id="tut.slic" name="slic" title="SLIC"> <include src="slic.html"/></page>
   <page id="tut.kdtree"  name="kdtree" title="kd-tree">  <include src="kdtree.html"/></page>
   <page id="tut.imdisttf" name="imdisttf" title="Distance transf.">  <include src="imdisttf.html"/></page>
   <page id="tut.utils" name="utils" title="Utils"> <include src="utils.html"/></page>
   <page id="tut.svm" name="svm" title="SVM"> <include src="svm.html"/></page>
   <page id="tut.plots-rank" name="plots-rank" title="Plots: rank"> <include src="plots-rank.html"/></page>
  </page>
</dir>

<dir name="applications">
  <page id="apps" name="apps" title="Applications">
    <include src="apps.html"/>
  </page>
</dir>

<!-- 404 page -->
<page id="notfound" name="notfound" title="404 - Page not found" hide="yes">
  <include src="notfound.html"/>
</page>

<!-- Generate an additional page to hold search results -->
<page name="search" id="search" title="Search" hide="yes">
  <gcse:searchresults-only></gcse:searchresults-only>
</page>

</group>
